Week,AGRICULTURE,CHARITY OR RELIGIOUS,CLOTHING,COMMUNICATION,CONSTRUCTION,COSMETIC,EDUCATION,ELECTRONIC DEVICE,EMPLOYMENT,FINANCIAL,FOOD,FUEL,HEALTH,HOLIDAY OR CELEBRATION,HOUSEHOLD APPLIANCE,HOUSEHOLD ITEM,HOUSING,LEGAL FEE OR CONTRIBUTION,LEISURE,LIVESTOCK,MISCELLANEOUS,PERSONAL HYGIENE,RECREATIONAL SUBSTANCES,SERVICE,TRANSPORT,UTILITIES,WEDDING,AGRICULTURE_pct_change,CHARITY OR RELIGIOUS_pct_change,CLOTHING_pct_change,COMMUNICATION_pct_change,CONSTRUCTION_pct_change,COSMETIC_pct_change,EDUCATION_pct_change,ELECTRONIC DEVICE_pct_change,EMPLOYMENT_pct_change,FINANCIAL_pct_change,FOOD_pct_change,FUEL_pct_change,HEALTH_pct_change,HOLIDAY OR CELEBRATION_pct_change,HOUSEHOLD APPLIANCE_pct_change,HOUSEHOLD ITEM_pct_change,HOUSING_pct_change,LEGAL FEE OR CONTRIBUTION_pct_change,LEISURE_pct_change,LIVESTOCK_pct_change,MISCELLANEOUS_pct_change,PERSONAL HYGIENE_pct_change,RECREATIONAL SUBSTANCES_pct_change,SERVICE_pct_change,TRANSPORT_pct_change,UTILITIES_pct_change,WEDDING_pct_change
1.0,0.0,13.5,275.0,40.0,0.0,200.0,500.0,580.0,0.0,1500.0,35.0,0.0,200.0,0.0,300.0,60.0,2600.0,0.0,250.0,0.0,700.0,33.0,20.0,100.0,30.0,409.0,1500.0,,,,,,,,,,,,,,,,,,,,,,,,,,,
2.0,300.0,12.5,390.0,47.5,20.0,97.5,220.0,0.0,0.0,500.0,30.0,25.0,55.0,0.0,52.0,70.0,2700.0,0.0,300.0,4100.0,0.0,30.0,20.0,60.0,40.0,328.0,500.0,inf,-7.41,41.82,18.75,inf,-51.25,-56.0,-100.0,,-66.67,-14.29,inf,-72.5,,-82.67,16.67,3.85,,20.0,inf,-100.0,-9.09,0.0,-40.0,33.33,-19.8,-66.67
3.0,0.0,10.0,150.0,30.0,20.0,70.0,65.0,100.0,100.0,169.0,30.0,10.0,70.0,0.0,10.0,50.0,2250.0,20.0,100.0,0.0,20.0,20.0,20.0,20.0,30.0,225.0,0.0,-100.0,-20.0,-61.54,-36.84,0.0,-28.21,-70.45,inf,inf,-66.2,0.0,-60.0,27.27,,-80.77,-28.57,-16.67,inf,-66.67,-100.0,inf,-33.33,0.0,-66.67,-25.0,-31.4,-100.0
4.0,35.0,10.0,200.0,30.0,0.0,72.5,15.0,0.0,0.0,500.0,30.0,100.0,100.0,0.0,0.0,40.0,1500.0,20.0,200.0,0.0,1500.0,22.0,15.0,210.0,30.0,0.0,0.0,inf,0.0,33.33,0.0,-100.0,3.57,-76.92,-100.0,-100.0,195.86,0.0,900.0,42.86,,-100.0,-20.0,-33.33,0.0,100.0,,7400.0,10.0,-25.0,950.0,0.0,-100.0,
5.0,2.0,12.5,167.5,50.0,0.0,72.5,45.0,2230.0,0.0,1100.0,30.0,10.0,35.0,0.0,0.0,50.0,2375.0,0.0,200.0,0.0,35.0,30.0,15.0,120.0,55.0,411.0,0.0,-94.29,25.0,-16.25,66.67,,0.0,200.0,inf,,120.0,0.0,-90.0,-65.0,,,25.0,58.33,-100.0,0.0,,-97.67,36.36,0.0,-42.86,83.33,inf,
6.0,0.0,20.0,280.0,50.0,450.0,90.0,500.0,200.0,0.0,991.0,50.0,5.0,100.0,180.0,950.0,60.0,2500.0,200.0,250.0,260.0,50.0,40.0,30.0,70.0,60.0,475.0,0.0,-100.0,60.0,67.16,0.0,inf,24.14,1011.11,-91.03,,-9.91,66.67,-50.0,185.71,inf,inf,20.0,5.26,inf,25.0,inf,42.86,33.33,100.0,-41.67,9.09,15.57,
7.0,0.0,10.0,105.0,47.0,0.0,100.0,40.0,250.0,0.0,355.0,30.0,25.0,77.5,0.0,7.0,100.0,2000.0,0.0,250.0,2000.0,0.0,28.0,20.0,40.0,60.0,450.0,0.0,,-50.0,-62.5,-6.0,-100.0,11.11,-92.0,25.0,,-64.18,-40.0,400.0,-22.5,-100.0,-99.26,66.67,-20.0,-100.0,0.0,669.23,-100.0,-30.0,-33.33,-42.86,0.0,-5.26,
8.0,0.0,11.0,100.0,31.0,0.0,55.0,267.5,70.0,0.0,190.0,30.0,20.0,40.0,0.0,30.0,23.0,2300.0,0.0,30.0,0.0,30.0,20.0,20.0,50.0,40.0,658.0,0.0,,10.0,-4.76,-34.04,,-45.0,568.75,-72.0,,-46.48,0.0,-20.0,-48.39,,328.57,-77.0,15.0,,-88.0,-100.0,inf,-28.57,0.0,25.0,-33.33,46.22,
9.0,0.0,10.0,125.0,30.0,0.0,100.0,600.0,230.0,0.0,1000.0,30.0,0.0,50.0,0.0,300.0,45.0,2150.0,10.0,190.0,0.0,0.0,28.0,20.0,50.0,32.5,486.0,0.0,,-9.09,25.0,-3.23,,81.82,124.3,228.57,,426.32,0.0,-100.0,25.0,,900.0,95.65,-6.52,inf,533.33,,-100.0,40.0,0.0,0.0,-18.75,-26.14,
10.0,0.0,10.0,156.0,35.0,0.0,100.0,500.0,0.0,200.0,1000.0,32.0,500.0,80.0,0.0,0.0,33.5,2500.0,10.0,250.0,20.0,0.0,40.0,25.0,70.0,50.0,321.0,0.0,,0.0,24.8,16.67,,0.0,-16.67,-100.0,inf,0.0,6.67,inf,60.0,,-100.0,-25.56,16.28,0.0,31.58,inf,,42.86,25.0,40.0,53.85,-33.95,
11.0,0.0,10.0,100.0,50.0,0.0,60.0,30.0,0.0,0.0,270.0,30.0,77.5,68.5,500.0,100.0,55.0,2650.0,150.0,200.0,6000.0,50.0,22.0,20.0,40.0,45.0,500.0,0.0,,0.0,-35.9,42.86,,-40.0,-94.0,,-100.0,-73.0,-6.25,-84.5,-14.38,inf,inf,64.18,6.0,1400.0,-20.0,29900.0,inf,-45.0,-20.0,-42.86,-10.0,55.76,
12.0,0.0,10.0,115.0,35.0,0.0,90.0,40.0,0.0,0.0,132.5,30.0,20.0,90.0,0.0,0.0,50.0,2000.0,0.0,0.0,50.0,0.0,30.0,20.0,120.0,35.0,400.0,0.0,,0.0,15.0,-30.0,,50.0,33.33,,,-50.93,0.0,-74.19,31.39,-100.0,-100.0,-9.09,-24.53,-100.0,-100.0,-99.17,-100.0,36.36,0.0,200.0,-22.22,-20.0,
13.0,0.0,14.5,55.0,30.0,0.0,48.0,40.0,0.0,0.0,140.0,30.0,50.0,80.0,0.0,80.0,27.5,2175.0,0.0,0.0,0.0,0.0,23.0,22.5,15.0,35.0,123.0,0.0,,45.0,-52.17,-14.29,,-46.67,0.0,,,5.66,0.0,150.0,-11.11,,inf,-45.0,8.75,,,-100.0,,-23.33,12.5,-87.5,0.0,-69.25,
14.0,0.0,10.0,145.0,40.0,0.0,90.0,300.0,0.0,0.0,1025.0,30.0,5.0,65.0,0.0,600.0,50.0,2300.0,10.0,250.0,0.0,300.0,28.0,20.0,55.0,50.0,300.0,20.0,,-31.03,163.64,33.33,,87.5,650.0,,,632.14,0.0,-90.0,-18.75,,650.0,81.82,5.75,inf,inf,,inf,21.74,-11.11,266.67,42.86,143.9,inf
15.0,35.0,13.0,180.0,40.0,250.0,72.5,550.0,27.5,0.0,600.0,32.0,130.0,100.0,530.0,137.5,50.0,3000.0,10.0,360.0,0.0,0.0,28.0,20.0,40.0,40.0,380.0,0.0,inf,30.0,24.14,0.0,inf,-19.44,83.33,inf,,-41.46,6.67,2500.0,53.85,inf,-77.08,0.0,30.43,0.0,44.0,,-100.0,0.0,0.0,-27.27,-20.0,26.67,-100.0
16.0,50.0,9.0,127.5,30.0,155.0,100.0,35.0,100.0,0.0,206.0,30.0,7.5,50.0,0.0,510.0,40.0,2750.0,0.0,412.5,0.0,0.0,30.0,20.0,80.0,30.0,408.0,0.0,42.86,-30.77,-29.17,-25.0,-38.0,37.93,-93.64,263.64,,-65.67,-6.25,-94.23,-50.0,-100.0,270.91,-20.0,-8.33,-100.0,14.58,,,7.14,0.0,100.0,-25.0,7.37,
17.0,30.0,10.0,150.0,30.0,0.0,67.5,10.0,0.0,0.0,200.0,30.0,300.0,57.0,0.0,100.0,25.0,3500.0,0.0,500.0,0.0,10.0,25.0,20.0,140.0,30.0,200.0,0.0,-40.0,11.11,17.65,0.0,-100.0,-32.5,-71.43,-100.0,,-2.91,0.0,3900.0,14.0,,-80.39,-37.5,27.27,,21.21,,inf,-16.67,0.0,75.0,0.0,-50.98,
18.0,250.0,10.0,100.0,30.0,1000.0,100.0,315.0,1325.0,0.0,1000.0,30.0,200.0,155.0,150.0,37.5,50.0,2300.0,10.0,250.0,0.0,1000.0,31.0,20.0,95.0,37.5,170.0,525.0,733.33,0.0,-33.33,0.0,inf,48.15,3050.0,inf,,400.0,0.0,-33.33,171.93,inf,-62.5,100.0,-34.29,inf,-50.0,,9900.0,24.0,0.0,-32.14,25.0,-15.0,inf
19.0,0.0,10.0,250.0,40.0,0.0,72.5,200.0,0.0,0.0,1000.0,30.0,5.0,65.0,150.0,30.0,40.0,2500.0,100.0,200.0,0.0,120.0,28.0,20.0,50.0,40.0,150.0,0.0,-100.0,0.0,150.0,33.33,-100.0,-27.5,-36.51,-100.0,,0.0,0.0,-97.5,-58.06,0.0,-20.0,-20.0,8.7,900.0,-20.0,,-88.0,-9.68,0.0,-47.37,6.67,-11.76,-100.0
20.0,0.0,10.0,200.0,40.0,50.0,80.0,5.0,250.0,0.0,300.0,30.0,150.0,55.0,1575.0,1150.0,30.0,4000.0,0.0,100.0,40000.0,700.0,30.0,20.0,70.0,40.0,0.0,14500.0,,0.0,-20.0,0.0,inf,10.34,-97.5,inf,,-70.0,0.0,2900.0,-15.38,950.0,3733.33,-25.0,60.0,-100.0,-50.0,inf,483.33,7.14,0.0,40.0,0.0,-100.0,inf
21.0,20.0,10.0,115.0,30.0,0.0,100.0,5.0,120.0,0.0,200.0,30.0,7.5,50.0,0.0,30.0,27.5,1250.0,0.0,120.0,0.0,0.0,30.0,20.0,60.0,40.0,728.0,0.0,inf,0.0,-42.5,-25.0,-100.0,25.0,0.0,-52.0,,-33.33,0.0,-95.0,-9.09,-100.0,-97.39,-8.33,-68.75,,20.0,-100.0,-100.0,0.0,0.0,-14.29,0.0,inf,-100.0
22.0,40.0,10.0,150.0,40.0,0.0,80.0,200.0,120.0,0.0,200.0,25.0,0.0,50.0,0.0,0.0,50.0,3000.0,0.0,40.0,0.0,5072.5,25.5,20.0,110.0,30.0,0.0,0.0,100.0,0.0,30.43,33.33,,-20.0,3900.0,0.0,,0.0,-16.67,-100.0,0.0,,-100.0,81.82,140.0,,-66.67,,inf,-15.0,0.0,83.33,-25.0,-100.0,
23.0,0.0,10.0,150.0,40.0,0.0,95.0,500.0,4000.0,0.0,1000.0,30.0,10.0,60.0,30.0,0.0,52.0,2200.0,10.0,225.0,0.0,0.0,42.0,30.0,50.0,30.0,160.0,0.0,-100.0,0.0,0.0,0.0,,18.75,150.0,3233.33,,400.0,20.0,inf,20.0,inf,,4.0,-26.67,inf,462.5,,-100.0,64.71,50.0,-54.55,0.0,inf,
24.0,0.0,10.0,110.0,30.0,1700.0,85.0,180.0,285.0,100.0,500.0,30.0,240.0,100.0,0.0,0.0,100.0,3175.0,130.0,275.0,700.0,20.0,30.0,22.5,50.0,35.0,460.0,0.0,,0.0,-26.67,-25.0,inf,-10.53,-64.0,-92.88,inf,-50.0,0.0,2300.0,66.67,-100.0,,92.31,44.32,1200.0,22.22,inf,inf,-28.57,-25.0,0.0,16.67,187.5,
25.0,0.0,10.0,155.0,40.0,0.0,95.0,100.0,0.0,0.0,300.0,30.0,300.0,55.0,0.0,0.0,50.0,3900.0,0.0,310.0,525.0,0.0,21.0,20.0,150.0,42.5,66.0,0.0,,0.0,40.91,33.33,-100.0,11.76,-44.44,-100.0,-100.0,-40.0,0.0,25.0,-45.0,,,-50.0,22.83,-100.0,12.73,-25.0,-100.0,-30.0,-11.11,200.0,21.43,-85.65,
26.0,0.0,10.0,150.0,30.0,420.0,71.5,50.0,240.0,75.0,152.5,25.0,0.0,70.0,0.0,35.0,42.0,1500.0,0.0,55.0,0.0,0.0,28.5,30.0,85.0,50.0,80.0,0.0,,0.0,-3.23,-25.0,inf,-24.74,-50.0,inf,inf,-49.17,-16.67,-100.0,27.27,,inf,-16.0,-61.54,,-82.26,-100.0,,35.71,50.0,-43.33,17.65,21.21,
27.0,245.0,10.0,150.0,30.0,130.0,99.5,500.0,0.0,0.0,1042.0,30.0,0.0,100.0,250.0,0.0,50.0,2500.0,10.0,250.0,0.0,20.0,30.0,20.0,60.0,40.0,100.0,0.0,inf,0.0,0.0,0.0,-69.05,39.16,900.0,-100.0,-100.0,583.28,20.0,,42.86,inf,-100.0,19.05,66.67,inf,354.55,,inf,5.26,-33.33,-29.41,-20.0,25.0,
28.0,500.0,11.0,155.0,40.0,10.0,95.0,325.0,0.0,800.0,1000.0,30.0,10.0,109.0,15.0,30.0,55.0,2900.0,10.0,200.0,0.0,17.5,30.0,22.5,85.0,40.0,212.5,0.0,104.08,10.0,3.33,33.33,-92.31,-4.52,-35.0,,inf,-4.03,0.0,inf,9.0,-94.0,inf,10.0,16.0,0.0,-20.0,,-12.5,0.0,12.5,41.67,0.0,112.5,
29.0,120.0,10.0,137.5,30.0,0.0,110.0,175.0,0.0,0.0,399.0,30.0,10.0,70.0,500.0,35.0,40.0,3500.0,0.0,135.0,150.0,0.0,32.5,20.0,40.0,50.0,90.0,0.0,-76.0,-9.09,-11.29,-25.0,-100.0,15.79,-46.15,,-100.0,-60.1,0.0,0.0,-35.78,3233.33,16.67,-27.27,20.69,-100.0,-32.5,inf,-100.0,8.33,-11.11,-52.94,25.0,-57.65,
30.0,0.0,10.0,95.0,38.0,0.0,53.0,120.0,300.0,0.0,200.0,25.0,20.0,120.0,0.0,400.0,35.0,3500.0,300.0,120.0,0.0,300.0,27.0,30.0,100.0,45.0,0.0,0.0,-100.0,0.0,-30.91,26.67,,-51.82,-31.43,inf,,-49.87,-16.67,100.0,71.43,-100.0,1042.86,-12.5,0.0,inf,-11.11,-100.0,inf,-16.92,50.0,150.0,-10.0,-100.0,
31.0,0.0,10.0,100.0,40.0,60.0,50.0,200.0,250.0,0.0,1117.5,25.0,20.0,77.5,0.0,1400.0,41.0,2800.0,10.0,325.0,33500.0,350.0,26.0,20.0,55.0,30.0,95.0,20.0,,0.0,5.26,5.26,inf,-5.66,66.67,-16.67,,458.75,0.0,0.0,-35.42,,250.0,17.14,-20.0,-96.67,170.83,inf,16.67,-3.7,-33.33,-45.0,-33.33,inf,inf
32.0,300.0,10.0,160.0,40.0,0.0,85.0,500.0,4950.0,30.0,777.5,30.0,10.0,100.0,950.0,1000.0,30.0,2500.0,10.0,250.0,0.0,20.0,28.0,30.0,75.0,30.0,170.0,730.0,inf,0.0,60.0,0.0,-100.0,70.0,150.0,1880.0,inf,-30.43,20.0,-50.0,29.03,inf,-28.57,-26.83,-10.71,0.0,-23.08,-100.0,-94.29,7.69,50.0,36.36,0.0,78.95,3550.0
33.0,0.0,10.5,200.0,40.0,1000.0,56.5,200.0,0.0,0.0,300.0,30.0,10.0,85.0,500.0,55.0,50.0,3000.0,110.0,300.0,0.0,1705.0,25.0,25.0,50.0,30.0,77.0,20.0,-100.0,5.0,25.0,0.0,inf,-33.53,-60.0,-100.0,-100.0,-61.41,0.0,0.0,-15.0,-47.37,-94.5,66.67,20.0,1000.0,20.0,,8425.0,-10.71,-16.67,-33.33,0.0,-54.71,-97.26
34.0,0.0,15.0,215.0,30.0,0.0,75.0,85.0,0.0,0.0,225.0,30.0,40.0,65.0,0.0,30.0,30.0,2600.0,0.0,45.0,140.0,260.0,24.0,20.0,52.5,40.0,116.0,0.0,,42.86,7.5,-25.0,-100.0,32.74,-57.5,,,-25.0,0.0,300.0,-23.53,-100.0,-45.45,-40.0,-13.33,-100.0,-85.0,inf,-84.75,-4.0,-20.0,5.0,33.33,50.65,-100.0
35.0,0.0,10.0,240.0,50.0,0.0,57.0,100.0,0.0,0.0,500.0,25.0,10.0,100.0,0.0,100.0,35.0,2900.0,255.0,100.0,800.0,0.0,27.5,30.0,60.0,37.5,300.0,500.0,,-33.33,11.63,66.67,,-24.0,17.65,,,122.22,-16.67,-75.0,53.85,,233.33,16.67,11.54,inf,122.22,471.43,-100.0,14.58,50.0,14.29,-6.25,158.62,inf
36.0,0.0,10.0,200.0,40.0,0.0,55.0,220.0,130.0,50.0,1100.0,30.0,10.0,80.0,0.0,450.0,50.0,2500.0,10.0,300.0,0.0,510.0,30.0,25.0,50.0,30.0,140.0,0.0,,0.0,-16.67,-20.0,,-3.51,120.0,inf,inf,120.0,20.0,0.0,-20.0,,350.0,42.86,-13.79,-96.08,200.0,-100.0,inf,9.09,-16.67,-16.67,-20.0,-53.33,-100.0
37.0,0.0,10.0,130.0,33.0,0.0,120.0,70.0,0.0,0.0,200.0,30.0,25.0,50.0,600.0,0.0,40.0,2750.0,0.0,80.0,0.0,65.0,23.5,20.0,80.0,30.0,250.0,0.0,,0.0,-35.0,-17.5,,118.18,-68.18,-100.0,-100.0,-81.82,0.0,150.0,-37.5,inf,-100.0,-20.0,10.0,-100.0,-73.33,,-87.25,-21.67,-20.0,60.0,0.0,78.57,
38.0,0.0,10.0,60.0,30.0,0.0,50.0,40.0,0.0,0.0,242.5,30.0,5.0,50.0,50.0,1000.0,30.0,2750.0,0.0,27.5,0.0,1000.0,28.0,20.0,50.0,40.0,500.0,0.0,,0.0,-53.85,-9.09,,-58.33,-42.86,,,21.25,0.0,-80.0,0.0,-91.67,inf,-25.0,0.0,,-65.62,,1438.46,19.15,0.0,-37.5,33.33,100.0,
39.0,1645.0,10.0,100.0,30.0,35.0,90.0,40.0,120.0,0.0,200.0,30.0,12.5,60.0,340.0,2600.0,34.0,2300.0,0.0,100.0,15055.0,0.0,23.5,25.0,50.0,25.0,255.0,0.0,inf,0.0,66.67,0.0,inf,80.0,0.0,inf,,-17.53,0.0,150.0,20.0,580.0,160.0,13.33,-16.36,,263.64,inf,-100.0,-16.07,25.0,0.0,-37.5,-49.0,
40.0,17.5,10.0,150.0,50.0,700.0,90.0,500.0,20.0,0.0,1000.0,32.0,70.0,95.0,0.0,730.0,50.0,2600.0,10.0,250.0,325.0,600.0,29.0,20.0,50.0,30.0,388.0,0.0,-98.94,0.0,50.0,66.67,1900.0,0.0,1150.0,-83.33,,400.0,6.67,460.0,58.33,-100.0,-71.92,47.06,13.04,inf,150.0,-97.84,inf,23.4,-20.0,0.0,20.0,52.16,
41.0,20.0,10.0,110.0,40.0,50.0,60.0,200.0,100.0,0.0,500.0,30.0,10.0,70.0,0.0,1050.0,47.5,2000.0,1005.0,250.0,33500.0,0.0,30.0,20.0,250.0,35.0,225.0,0.0,14.29,0.0,-26.67,-20.0,-92.86,-33.33,-60.0,400.0,,-50.0,-6.25,-85.71,-26.32,,43.84,-5.0,-23.08,9950.0,0.0,10207.69,-100.0,3.45,0.0,400.0,16.67,-42.01,
42.0,90.0,10.0,160.0,39.0,0.0,60.0,220.0,0.0,0.0,300.0,30.0,10.0,55.5,0.0,70.0,25.0,2500.0,0.0,200.0,150.0,0.0,25.0,30.0,50.0,33.0,300.0,1200.0,350.0,0.0,45.45,-2.5,-100.0,0.0,10.0,-100.0,,-40.0,0.0,0.0,-20.71,,-93.33,-47.37,25.0,-100.0,-20.0,-99.55,,-16.67,50.0,-80.0,-5.71,33.33,inf
43.0,0.0,10.0,400.0,40.0,0.0,65.0,50.0,100.0,500.0,215.0,30.0,10.0,90.0,0.0,0.0,23.5,1300.0,0.0,200.0,75.0,0.0,28.0,20.0,150.0,40.0,172.0,0.0,-100.0,0.0,150.0,2.56,,8.33,-77.27,inf,inf,-28.33,0.0,0.0,62.16,,-100.0,-6.0,-48.0,,0.0,-50.0,,12.0,-33.33,200.0,21.21,-42.67,-100.0
44.0,0.0,10.0,200.0,31.5,0.0,50.0,650.0,200.0,0.0,1000.0,30.0,0.0,65.0,0.0,330.0,50.0,2500.0,10.0,250.0,40.0,0.0,34.0,20.0,80.0,30.0,372.5,0.0,,0.0,-50.0,-21.25,,-23.08,1200.0,100.0,-100.0,365.12,0.0,-100.0,-27.78,,inf,112.77,92.31,inf,25.0,-46.67,,21.43,0.0,-46.67,-25.0,116.57,
45.0,0.0,13.5,300.0,30.0,0.0,60.0,500.0,130.0,0.0,1000.0,40.0,255.0,100.0,0.0,3650.0,50.0,3000.0,10.0,225.0,0.0,0.0,37.5,20.0,70.0,32.5,273.0,0.0,,35.0,50.0,-4.76,,20.0,-23.08,-35.0,,0.0,33.33,inf,53.85,,1006.06,0.0,20.0,0.0,-10.0,-100.0,,10.29,0.0,-12.5,8.33,-26.71,
46.0,0.0,50.0,250.0,39.5,0.0,90.0,500.0,100.0,0.0,1662.0,38.0,0.0,85.0,0.0,0.0,122.5,2300.0,0.0,0.0,170.0,0.0,35.0,20.0,220.0,50.0,280.0,0.0,,270.37,-16.67,31.67,,50.0,0.0,-23.08,,66.2,-5.0,-100.0,-15.0,,-100.0,145.0,-23.33,-100.0,-100.0,inf,,-6.67,0.0,214.29,53.85,2.56,
47.0,0.0,20.0,300.0,50.0,0.0,60.0,635.0,0.0,0.0,300.0,57.5,0.0,70.0,100.0,1300.0,110.0,2500.0,0.0,150.0,175.0,535.0,38.0,20.0,500.0,100.0,0.0,1000.0,,-60.0,20.0,26.58,,-33.33,27.0,-100.0,,-81.95,51.32,,-17.65,inf,inf,-10.2,8.7,,inf,2.94,inf,8.57,0.0,127.27,100.0,-100.0,inf
48.0,20.0,8.5,220.0,50.0,20.0,80.0,10.0,90.0,0.0,200.0,30.0,10.0,100.0,50.0,1517.5,60.0,3350.0,0.0,0.0,0.0,0.0,35.0,25.0,35.0,50.0,0.0,0.0,inf,-57.5,-26.67,0.0,inf,33.33,-98.43,inf,,-33.33,-47.83,inf,42.86,-50.0,16.73,-45.45,34.0,,-100.0,-100.0,-100.0,-7.89,25.0,-93.0,-50.0,,-100.0
49.0,0.0,10.0,95.0,39.5,0.0,20.0,450.0,0.0,0.0,1000.0,30.0,10.0,80.0,0.0,30.0,30.0,2550.0,10.0,250.0,300.0,0.0,25.0,27.5,50.0,35.0,200.0,0.0,-100.0,17.65,-56.82,-21.0,-100.0,-75.0,4400.0,-100.0,,400.0,0.0,0.0,-20.0,-100.0,-98.02,-50.0,-23.88,inf,inf,inf,,-28.57,10.0,42.86,-30.0,inf,
50.0,0.0,15.0,120.0,31.0,0.0,60.0,150.0,2400.0,0.0,350.0,30.0,15.0,100.0,500.0,0.0,30.0,2400.0,0.0,250.0,0.0,1270.0,23.0,20.0,55.0,35.0,300.0,0.0,,50.0,26.32,-21.52,,200.0,-66.67,inf,,-65.0,0.0,50.0,25.0,inf,-100.0,0.0,-5.88,-100.0,0.0,-100.0,inf,-8.0,-27.27,10.0,0.0,50.0,
51.0,0.0,10.0,100.0,30.0,0.0,70.0,150.0,0.0,0.0,147.0,30.0,15.0,60.0,0.0,3650.0,22.0,1850.0,0.0,110.0,225.0,0.0,20.0,23.0,100.0,37.5,250.0,0.0,,-33.33,-16.67,-3.23,,16.67,0.0,-100.0,,-58.0,0.0,0.0,-40.0,-100.0,inf,-26.67,-22.92,,-56.0,inf,-100.0,-13.04,15.0,81.82,7.14,-16.67,
52.0,0.0,10.0,260.0,47.0,0.0,100.0,20.0,60.0,0.0,140.0,30.0,22.5,100.0,0.0,1300.0,40.0,0.0,1000.0,10.0,0.0,0.0,24.0,27.5,200.0,30.0,226.0,0.0,,0.0,160.0,56.67,,42.86,-86.67,inf,,-4.76,0.0,50.0,66.67,,-64.38,81.82,-100.0,inf,-90.91,-100.0,,20.0,19.57,100.0,-20.0,-9.6,
